type,n,k,ncols,rel_err,gpu_ms,packed_gbs,ok,d3d12_ran,host,date,error
q4_0,8192,2048,1,1.51e-07,0.0552,171.03,1,1,xbox-series-s,2026-10-09T13:36:28Z,-
q4_0,2048,8192,1,1.63e-07,0.0578,163.20,1,1,xbox-series-s,2026-10-09T13:36:28Z,-
q4_k,11008,2048,1,2.38e-07,0.0583,217.50,1,1,xbox-series-s,2026-10-09T13:36:28Z,-
q4_k,2048,11008,1,1.79e-07,0.0617,205.48,1,1,xbox-series-s,2026-10-09T13:36:28Z,-
q5_k,11008,2048,1,1.92e-07,0.0682,227.36,1,1,xbox-series-s,2026-10-09T13:36:28Z,-
q5_k,2048,11008,1,1.85e-07,0.0868,178.53,1,1,xbox-series-s,2026-10-09T13:36:28Z,-
q6_k,2048,11008,1,1.01e-07,0.0918,201.39,1,1,xbox-series-s,2026-10-09T13:36:28Z,-
q6_k,65536,1024,1,1.05e-07,0.2406,228.84,1,1,xbox-series-s,2026-10-09T13:36:28Z,-
q4_0,1024,1024,7,1.71e-07,0.0166,35.44,1,1,xbox-series-s,2026-10-09T13:36:28Z,-
q4_k,1024,1024,7,1.52e-07,0.0140,42.02,1,1,xbox-series-s,2026-10-09T13:36:28Z,-
q5_k,1024,1024,7,1.86e-07,0.0192,37.53,1,1,xbox-series-s,2026-10-09T13:36:28Z,-
q6_k,1024,1024,7,1.13e-07,0.0213,40.40,1,1,xbox-series-s,2026-10-09T13:36:28Z,-
q4_0,1024,1024,512,1.78e-07,0.5527,1.07,1,1,xbox-series-s,2026-10-09T13:36:28Z,-
q4_k,1024,1024,512,1.7e-07,0.6661,0.89,1,1,xbox-series-s,2026-10-09T13:36:28Z,-
q5_k,1024,1024,512,1.73e-07,0.9683,0.74,1,1,xbox-series-s,2026-10-09T13:36:28Z,-
q6_k,1024,1024,512,1.17e-07,0.9553,0.90,1,1,xbox-series-s,2026-10-09T13:36:28Z,-
q8_0,2560,5120,1,9.97e-08,0.0721,193.26,1,1,xbox-series-s,2026-10-09T13:36:28Z,-
q8_0,2560,5120,2,9.97e-08,0.1282,108.63,1,1,xbox-series-s,2026-10-09T13:36:28Z,-
q8_0,2560,5120,3,9.91e-08,0.1922,72.46,1,1,xbox-series-s,2026-10-09T13:36:28Z,-
q8_0,2560,5120,4,9.91e-08,0.2518,55.30,1,1,xbox-series-s,2026-10-09T13:36:28Z,-
q8_0,2560,5120,5,9.73e-08,0.3035,45.89,1,1,xbox-series-s,2026-10-09T13:36:28Z,-
q8_0,13,256,512,1.09e-07,0.0393,0.09,1,1,xbox-series-s,2026-10-09T13:36:28Z,-
q4_k,11008,2048,1,2.38e-07,0.0560,226.53,1,1,xbox-series-s,2026-10-09T13:36:28Z,-
q4_k,11008,2048,2,2.07e-07,0.1039,122.05,1,1,xbox-series-s,2026-10-09T13:36:28Z,-
q4_k,11008,2048,3,2.07e-07,0.1528,83.00,1,1,xbox-series-s,2026-10-09T13:36:28Z,-
q4_k,11008,2048,5,2.07e-07,0.2535,50.02,1,1,xbox-series-s,2026-10-09T13:36:28Z,-
q6_k,2048,11008,1,1.01e-07,0.0915,202.18,1,1,xbox-series-s,2026-10-09T13:36:28Z,-
q6_k,2048,11008,2,1.37e-07,0.1797,102.92,1,1,xbox-series-s,2026-10-09T13:36:28Z,-
q6_k,2048,11008,3,1.37e-07,0.2491,74.24,1,1,xbox-series-s,2026-10-09T13:36:28Z,-
q6_k,2048,11008,5,1.07e-07,0.4029,45.90,1,1,xbox-series-s,2026-10-09T13:36:28Z,-
q5_k,11008,2048,1,1.92e-07,0.0676,229.38,1,1,xbox-series-s,2026-10-09T13:36:28Z,-
q5_k,11008,2048,2,1.66e-07,0.1273,121.77,1,1,xbox-series-s,2026-10-09T13:36:28Z,-
q5_k,11008,2048,3,1.66e-07,0.1865,83.12,1,1,xbox-series-s,2026-10-09T13:36:28Z,-
q5_k,11008,2048,5,1.66e-07,0.2991,51.83,1,1,xbox-series-s,2026-10-09T13:36:28Z,-
q5_k,2048,11008,1,1.85e-07,0.0900,172.24,1,1,xbox-series-s,2026-10-09T13:36:28Z,-
q5_k,2048,11008,2,1.85e-07,0.1423,108.94,1,1,xbox-series-s,2026-10-09T13:36:28Z,-
q5_k,2048,11008,3,1.97e-07,0.1969,78.70,1,1,xbox-series-s,2026-10-09T13:36:28Z,-
q5_k,2048,11008,5,1.56e-07,0.3072,50.46,1,1,xbox-series-s,2026-10-09T13:36:28Z,-
q4_k,2048,11008,1,1.79e-07,0.0610,207.91,1,1,xbox-series-s,2026-10-09T13:36:28Z,-
q4_k,2048,11008,2,1.77e-07,0.1104,114.83,1,1,xbox-series-s,2026-10-09T13:36:28Z,-
q4_k,2048,11008,3,1.77e-07,0.1583,80.10,1,1,xbox-series-s,2026-10-09T13:36:28Z,-
q4_k,2048,11008,5,1.42e-07,0.2532,50.09,1,1,xbox-series-s,2026-10-09T13:36:28Z,-
q6_k,65536,1024,1,1.05e-07,0.2455,224.24,1,1,xbox-series-s,2026-10-09T13:36:28Z,-
q6_k,65536,1024,2,1.09e-07,0.4841,113.73,1,1,xbox-series-s,2026-10-09T13:36:28Z,-
q6_k,65536,1024,3,1.09e-07,0.7061,77.96,1,1,xbox-series-s,2026-10-09T13:36:28Z,-
q6_k,65536,1024,5,1.23e-07,1.1953,46.06,1,1,xbox-series-s,2026-10-09T13:36:28Z,-
silu_avx2,9216,4,4,0,0.0000,0.00,1,1,xbox-series-s,2026-10-09T13:36:28Z,mxcsr=0x1fbb [fused] ok=1 ord=0 ord_ulp_max=0 ord_abs=0 ord_rel=0 hist0/1/2/3/4-7/8+=0/0/0/0/0/0 edge=0 nf=0 all_ulp_max=0 all_abs=0 all_rel=0 | [unfused] ok=0 ord=36483 ord_ulp_max=2199553741 ord_abs=1.12e+03 ord_rel=1.04e+06 hist0/1/2/3/4-7/8+=0/0/0/0/0/36483 edge=60 nf=0 all_ulp_max=2199553741 all_abs=1.12e+03 all_rel=1.04e+06 [i=1 in=0xc1339e6a got=0xb91cce16 ref=0x319f93c9] [i=2 in=0x412aa138 got=0x412aa033 ref=0x40913ce3] [i=3 in=0xc05eb0a0 got=0xbdd51266 ref=0x3ac21abb] [i=4 in=0x41939490 got=0x41939490 ref=0x4192d7da]
swiglu_avx2,9216,4,4,0,0.0000,0.00,1,1,xbox-series-s,2026-10-09T13:36:28Z,mxcsr=0x1fbb [fused] ok=1 ord=0 ord_ulp_max=0 ord_abs=0 ord_rel=0 hist0/1/2/3/4-7/8+=0/0/0/0/0/0 edge=0 nf=0 all_ulp_max=0 all_abs=0 all_rel=0 | [unfused] ok=0 ord=36115 ord_ulp_max=2201345552 ord_abs=3.62e+03 ord_rel=1.04e+06 hist0/1/2/3/4-7/8+=0/42/0/0/0/36073 edge=318 nf=28 all_ulp_max=4226993221 all_abs=1.7e+38 all_rel=1.04e+06 [i=1 in=0x414100c8 got=0xc1362f96 ref=0xc0e2946f] [i=2 in=0x4181439e got=0xc0c28a10 ref=0xc0bb23f5] [i=3 in=0x4133a068 got=0x3fb0dbd2 ref=0x3f3b62b5] [i=4 in=0x416ffc0c got=0x41ad0d89 ref=0x41a35ab9]
add_f32,9216,4,4,0,0.0000,0.00,1,1,xbox-series-s,2026-10-09T13:36:28Z,bit_mismatch=0 max_ulp=0 nonfinite_mismatch=0 n=36864
rms_norm_f32,9216,4,4,0,0.0000,0.00,1,1,xbox-series-s,2026-10-09T13:36:28Z,exact=36864/36864 mismatch=0 max_rel=0 max_ulp=0 nonfinite_mismatch=0
