op,rows,elems,graph_ns,manual_ns,ns_per_elem,overhead_ns,checksum
empty,0,1,731,0,0,0,0
add,1,2560,4080,24778,9.68,-20698,-6.900
mul,1,2560,3959,27614,10.79,-23655,-2.699
rms_norm,1,2560,3087,15065,5.88,-11978,-6.402
cpy,1,2560,822,281,0.11,541,-3.726
add,5,12800,7988,124828,9.75,-116840,-2.543
mul,5,12800,8029,137237,10.72,-129208,-1.624
rms_norm,5,12800,8330,75054,5.86,-66724,-6.402
cpy,5,12800,1674,1112,0.09,562,-3.726
add,64,163840,67847,1310018,8.00,-1242171,-3.378
mul,64,163840,68238,1204614,7.35,-1136376,-4.731
rms_norm,64,163840,85849,975144,5.95,-889295,-6.402
cpy,64,163840,15355,61612,0.38,-46257,-3.726
add,128,327680,135624,2447325,7.47,-2311701,-6.652
mul,128,327680,67767,1887372,5.76,-1819605,0.400
rms_norm,128,327680,161133,1711004,5.22,-1549871,-6.402
cpy,128,327680,15906,135553,0.41,-119647,-3.726
add,256,655360,266125,4386658,6.69,-4120533,0.563
mul,256,655360,185849,4391179,6.70,-4205330,-4.370
rms_norm,256,655360,384949,5033352,7.68,-4648403,-6.402
cpy,256,655360,97977,274444,0.42,-176467,-3.726
