branch,rep,argmax,margin,top1,top1_logit,top2,maxabs,maxrel,argmax_match,finite,selfcheck,error
seq,0,47973,0.158970,47973,22.8205,9640,0,0,1,1,sequential-replay,-
acc,0,47973,0.158970,47973,22.8205,9640,0,0,1,1,accbatch-replay,-
tail,0,47973,0.163603,47973,22.8298,9640,0.0202318,0.000886201,1,1,tailbatch-replay,-
seqc0,0,11,4.647038,11,27.4301,318,0,0,1,1,cont-seq,-
accc0,0,11,4.647038,11,27.4301,318,0,0,1,1,cont-acc,-
tailc0,0,11,4.660759,11,27.4326,318,0.0713291,0.00260016,1,1,cont-tail,-
seqc1,0,567,6.940699,567,29.0034,488,0,0,1,1,cont-seq,-
accc1,0,567,6.940699,567,29.0034,488,0,0,1,1,cont-acc,-
tailc1,0,567,6.945862,567,28.9972,488,0.0704918,0.00243099,1,1,cont-tail,-
seqc2,0,1902,0.404623,1902,26.5283,1144,0,0,1,1,cont-seq,-
accc2,0,1902,0.404623,1902,26.5283,1144,0,0,1,1,cont-acc,-
tailc2,0,1902,0.409548,1902,26.5170,1144,0.0648234,0.0024446,1,1,cont-tail,-
seqc3,0,1353,3.684589,1353,26.9104,30982,0,0,1,1,cont-seq,-
accc3,0,1353,3.684589,1353,26.9104,30982,0,0,1,1,cont-acc,-
tailc3,0,1353,3.708677,1353,26.9067,30982,0.0680752,0.00253004,1,1,cont-tail,-
seqc4,0,506,9.652569,506,27.4396,14706,0,0,1,1,cont-seq,-
accc4,0,506,9.652569,506,27.4396,14706,0,0,1,1,cont-acc,-
tailc4,0,506,9.646646,506,27.4429,14706,0.0838956,0.0030571,1,1,cont-tail,-
seqc5,0,279,0.002611,279,25.7484,1204,0,0,1,1,cont-seq,-
accc5,0,279,0.002611,279,25.7484,1204,0,0,1,1,cont-acc,-
tailc5,0,1204,0.010162,1204,25.7421,279,0.0677967,0.00263369,0,1,cont-tail,-
d0,0,279,4.831900,279,26.1019,23681,18.7031,0.716542,0,1,cont-d,-
d1,0,84810,7.399000,84810,26.3935,3798,26.4401,1.00177,0,1,cont-d,-
d2,0,2261,7.877590,2261,28.4068,318,27.2381,0.958858,0,1,cont-d,-
d3,0,47973,0.160824,47973,22.8262,9640,0.0221353,0.000969732,1,1,cont-d,-
drem0,0,11,4.657471,11,27.4290,318,0.0637856,0.00232548,1,1,cont-drem,-
drem1,0,567,6.947184,567,28.9940,488,0.0644722,0.00222364,1,1,cont-drem,-
drem2,0,1902,0.436747,1902,26.5443,1144,0.0793476,0.00298925,1,1,cont-drem,-
drem3,0,1353,3.720951,1353,26.9033,30982,0.0559483,0.0020796,1,1,cont-drem,-
drem4,0,506,9.614601,506,27.4311,14706,0.0716681,0.00261266,1,1,cont-drem,-
drem5,0,279,0.000484,279,25.7341,1204,0.072896,0.00283267,1,1,cont-drem,-
e0,0,279,4.850052,279,26.1052,23681,18.6883,0.715884,0,1,cont-e,-
e1,0,84810,7.409973,84810,26.3814,3798,26.428,1.00177,0,1,cont-e,-
e2,0,2261,7.833061,2261,28.3994,318,27.2307,0.958848,0,1,cont-e,-
etail,0,567,4.491644,567,25.2355,321,0,0,1,1,cont-etail,-
ecorr,0,47973,0.276281,47973,23.0619,9640,0.286738,0.0124334,1,1,cont-ecorr,-
erem0,0,11,4.606682,11,27.4755,318,0.549843,0.0200121,1,1,cont-erem,-
erem1,0,567,6.669804,567,28.9008,488,0.487478,0.0168673,1,1,cont-erem,-
erem2,0,1902,0.302563,1902,26.4698,1144,0.27482,0.0103824,1,1,cont-erem,-
erem3,0,1353,3.531067,1353,26.9112,30982,0.202446,0.00752273,1,1,cont-erem,-
erem4,0,506,9.826567,506,27.4427,14706,0.183063,0.00667071,1,1,cont-erem,-
erem5,0,279,0.071671,279,25.6970,1204,0.278044,0.0108201,1,1,cont-erem,-
seq,1,47973,0.158970,47973,22.8205,9640,0,0,1,1,sequential-replay,-
acc,1,47973,0.158970,47973,22.8205,9640,0,0,1,1,accbatch-replay,-
tail,1,47973,0.163603,47973,22.8298,9640,0.0202318,0.000886201,1,1,tailbatch-replay,-
seqc0,1,11,4.647038,11,27.4301,318,0,0,1,1,cont-seq,-
accc0,1,11,4.647038,11,27.4301,318,0,0,1,1,cont-acc,-
tailc0,1,11,4.660759,11,27.4326,318,0.0713291,0.00260016,1,1,cont-tail,-
seqc1,1,567,6.940699,567,29.0034,488,0,0,1,1,cont-seq,-
accc1,1,567,6.940699,567,29.0034,488,0,0,1,1,cont-acc,-
tailc1,1,567,6.945862,567,28.9972,488,0.0704918,0.00243099,1,1,cont-tail,-
seqc2,1,1902,0.404623,1902,26.5283,1144,0,0,1,1,cont-seq,-
accc2,1,1902,0.404623,1902,26.5283,1144,0,0,1,1,cont-acc,-
tailc2,1,1902,0.409548,1902,26.5170,1144,0.0648234,0.0024446,1,1,cont-tail,-
seqc3,1,1353,3.684589,1353,26.9104,30982,0,0,1,1,cont-seq,-
accc3,1,1353,3.684589,1353,26.9104,30982,0,0,1,1,cont-acc,-
tailc3,1,1353,3.708677,1353,26.9067,30982,0.0680752,0.00253004,1,1,cont-tail,-
seqc4,1,506,9.652569,506,27.4396,14706,0,0,1,1,cont-seq,-
accc4,1,506,9.652569,506,27.4396,14706,0,0,1,1,cont-acc,-
tailc4,1,506,9.646646,506,27.4429,14706,0.0838956,0.0030571,1,1,cont-tail,-
seqc5,1,279,0.002611,279,25.7484,1204,0,0,1,1,cont-seq,-
accc5,1,279,0.002611,279,25.7484,1204,0,0,1,1,cont-acc,-
tailc5,1,1204,0.010162,1204,25.7421,279,0.0677967,0.00263369,0,1,cont-tail,-
d0,1,279,4.831900,279,26.1019,23681,18.7031,0.716542,0,1,cont-d,-
d1,1,84810,7.399000,84810,26.3935,3798,26.4401,1.00177,0,1,cont-d,-
d2,1,2261,7.877590,2261,28.4068,318,27.2381,0.958858,0,1,cont-d,-
d3,1,47973,0.160824,47973,22.8262,9640,0.0221353,0.000969732,1,1,cont-d,-
drem0,1,11,4.657471,11,27.4290,318,0.0637856,0.00232548,1,1,cont-drem,-
drem1,1,567,6.947184,567,28.9940,488,0.0644722,0.00222364,1,1,cont-drem,-
drem2,1,1902,0.436747,1902,26.5443,1144,0.0793476,0.00298925,1,1,cont-drem,-
drem3,1,1353,3.720951,1353,26.9033,30982,0.0559483,0.0020796,1,1,cont-drem,-
drem4,1,506,9.614601,506,27.4311,14706,0.0716681,0.00261266,1,1,cont-drem,-
drem5,1,279,0.000484,279,25.7341,1204,0.072896,0.00283267,1,1,cont-drem,-
e0,1,279,4.850052,279,26.1052,23681,18.6883,0.715884,0,1,cont-e,-
e1,1,84810,7.409973,84810,26.3814,3798,26.428,1.00177,0,1,cont-e,-
e2,1,2261,7.833061,2261,28.3994,318,27.2307,0.958848,0,1,cont-e,-
etail,1,567,4.491644,567,25.2355,321,0,0,1,1,cont-etail,-
ecorr,1,47973,0.276281,47973,23.0619,9640,0.286738,0.0124334,1,1,cont-ecorr,-
erem0,1,11,4.606682,11,27.4755,318,0.549843,0.0200121,1,1,cont-erem,-
erem1,1,567,6.669804,567,28.9008,488,0.487478,0.0168673,1,1,cont-erem,-
erem2,1,1902,0.302563,1902,26.4698,1144,0.27482,0.0103824,1,1,cont-erem,-
erem3,1,1353,3.531067,1353,26.9112,30982,0.202446,0.00752273,1,1,cont-erem,-
erem4,1,506,9.826567,506,27.4427,14706,0.183063,0.00667071,1,1,cont-erem,-
erem5,1,279,0.071671,279,25.6970,1204,0.278044,0.0108201,1,1,cont-erem,-
