rep,index,name,op,shape_b3,shape_b4,match,maxabs,note
0,0,model.input_embed,GET_ROWS,[2560,3,1,1]/t0,[2560,4,1,1]/t0,1,0,-
0,1,norm-0,RMS_NORM,[2560,3,1,1]/t0,[2560,4,1,1]/t0,1,0,-
0,2,attn_norm-0,MUL,[2560,3,1,1]/t0,[2560,4,1,1]/t0,1,0,-
0,12,conv_states_reshaped-0,RESHAPE,[3,8192,1,1]/t0,[3,8192,1,1]/t0,1,-1,skipped:static
0,13,node_13,MUL_MAT,[8192,3,1,1]/t0,[8192,4,1,1]/t0,1,0,-
0,14,linear_attn_qkv_mixed-0,RESHAPE,[8192,3,1,1]/t0,[8192,4,1,1]/t0,1,0,-
0,15,qkv_mixed_transposed-0,TRANSPOSE,[3,8192,1,1]/t0,[4,8192,1,1]/t0,1,0,-
0,17,conv_input-0 (view),VIEW,[3,8192,1,1]/t0,[3,8192,1,1]/t0,1,-1,skipped:static
0,20,conv_input-0 (view),VIEW,[3,8192,1,1]/t0,[3,8192,1,1]/t0,1,-1,skipped:static
0,23,conv_input-0 (view),VIEW,[3,8192,1,1]/t0,[3,8192,1,1]/t0,1,-1,skipped:static
0,26,conv_input-0 (view),VIEW,[3,8192,1,1]/t0,[3,8192,1,1]/t0,1,-1,skipped:static
0,29,conv_input-0 (view),VIEW,[3,8192,1,1]/t0,[3,8192,1,1]/t0,1,-1,skipped:static
0,39,conv_output_raw-0,SSM_CONV,[8192,3,1,1]/t0,[8192,4,1,1]/t0,1,0,-
0,40,conv_output_silu-0,UNARY,[8192,3,1,1]/t0,[8192,4,1,1]/t0,1,0,-
0,41,q_conv-0,VIEW,[128,16,3,1]/t0,[128,16,4,1]/t0,1,0,-
0,42,node_42,RMS_NORM,[128,16,3,1]/t0,[128,16,4,1]/t0,1,0,-
0,43,q_conv_predelta-0,SCALE,[128,16,3,1]/t0,[128,16,4,1]/t0,1,0,-
0,44,k_conv-0,VIEW,[128,16,3,1]/t0,[128,16,4,1]/t0,1,0,-
0,45,node_45,RMS_NORM,[128,16,3,1]/t0,[128,16,4,1]/t0,1,0,-
0,46,k_conv_predelta-0,SCALE,[128,16,3,1]/t0,[128,16,4,1]/t0,1,0,-
0,47,v_conv_predelta-0,VIEW,[128,32,3,1]/t0,[128,32,4,1]/t0,1,0,-
0,48,node_48,MUL_MAT,[32,3,1,1]/t0,[32,4,1,1]/t0,1,0,-
0,49,alpha-0,RESHAPE,[32,3,1,1]/t0,[32,4,1,1]/t0,1,0,-
0,50,node_50,ADD,[32,3,1,1]/t0,[32,4,1,1]/t0,1,0,-
0,51,a_softplus-0,UNARY,[32,3,1,1]/t0,[32,4,1,1]/t0,1,0,-
0,52,gate-0,MUL,[32,3,1,1]/t0,[32,4,1,1]/t0,1,0,-
0,53,gate-0 (reshaped),RESHAPE,[1,32,3,1]/t0,[1,32,4,1]/t0,1,0,-
0,54,node_54,MUL_MAT,[32,3,1,1]/t0,[32,4,1,1]/t0,1,0,-
0,55,beta-0,RESHAPE,[1,32,3,1]/t0,[1,32,4,1]/t0,1,0,-
0,56,beta_sigmoid-0,UNARY,[1,32,3,1]/t0,[1,32,4,1]/t0,1,0,-
0,59, (view),VIEW,[524288,1,3,1]/t0,[524288,1,4,1]/t0,0,-1,-
0,60,cache_s_l0 (view),VIEW,[524288,1,3,1]/t0,[524288,1,4,1]/t0,1,-1,-
0,61,cache_s_l0 (view) (copy of  (view)),CPY,[524288,1,3,1]/t0,[524288,1,4,1]/t0,0,-1,-
0,62,z-0,MUL_MAT,[4096,3,1,1]/t0,[4096,4,1,1]/t0,0,4.76837e-06,-
0,63,z-0 (reshaped),RESHAPE,[128,32,3,1]/t0,[128,32,4,1]/t0,0,4.76837e-06,-
0,64,attn_output-0,VIEW,[128,32,3,1]/t0,[128,32,4,1]/t0,1,0,-
0,65,norm-0,RMS_NORM,[128,32,3,1]/t0,[128,32,4,1]/t0,1,0,-
0,66,node_66,MUL,[128,32,3,1]/t0,[128,32,4,1]/t0,1,0,-
0,67,node_67,GLU,[128,32,3,1]/t0,[128,32,4,1]/t0,0,2.68221e-07,-
0,68,final_output-0,RESHAPE,[4096,3,1,1]/t0,[4096,4,1,1]/t0,0,2.68221e-07,-
0,69,linear_attn_out-0,MUL_MAT,[2560,3,1,1]/t0,[2560,4,1,1]/t0,0,4.76837e-07,-
0,70,linear_attn_out-0 (reshaped),RESHAPE,[2560,3,1,1]/t0,[2560,4,1,1]/t0,0,4.76837e-07,-
0,71,attn_residual-0,ADD,[2560,3,1,1]/t0,[2560,4,1,1]/t0,0,4.76837e-07,-
0,72,norm-0,RMS_NORM,[2560,3,1,1]/t0,[2560,4,1,1]/t0,0,8.40425e-06,-
0,73,attn_post_norm-0,MUL,[2560,3,1,1]/t0,[2560,4,1,1]/t0,0,5.66244e-06,-
0,74,ffn_gate-0,MUL_MAT,[9216,3,1,1]/t0,[9216,4,1,1]/t0,0,0.000355899,-
0,75,ffn_up-0,MUL_MAT,[9216,3,1,1]/t0,[9216,4,1,1]/t0,0,0.000343025,-
0,76,ffn_swiglu-0,GLU,[9216,3,1,1]/t0,[9216,4,1,1]/t0,0,6.10352e-05,-
0,77,ffn_out-0,MUL_MAT,[2560,3,1,1]/t0,[2560,4,1,1]/t0,0,0.00020266,-
0,78,l_out-0,ADD,[2560,3,1,1]/t0,[2560,4,1,1]/t0,0,0.000202656,-
0,79,norm-1,RMS_NORM,[2560,3,1,1]/t0,[2560,4,1,1]/t0,0,0.00404644,-
0,80,attn_norm-1,MUL,[2560,3,1,1]/t0,[2560,4,1,1]/t0,0,0.00450677,-
0,88,conv_states_reshaped-1,RESHAPE,[3,8192,1,1]/t0,[3,8192,1,1]/t0,1,-1,skipped:static
0,89,node_89,MUL_MAT,[8192,3,1,1]/t0,[8192,4,1,1]/t0,0,0.0195379,-
0,90,linear_attn_qkv_mixed-1,RESHAPE,[8192,3,1,1]/t0,[8192,4,1,1]/t0,0,0.0195379,-
0,91,qkv_mixed_transposed-1,TRANSPOSE,[3,8192,1,1]/t0,[4,8192,1,1]/t0,0,0.0195379,-
0,93,conv_input-1 (view),VIEW,[3,8192,1,1]/t0,[3,8192,1,1]/t0,1,-1,skipped:static
0,96,conv_input-1 (view),VIEW,[3,8192,1,1]/t0,[3,8192,1,1]/t0,1,-1,skipped:static
0,99,conv_input-1 (view),VIEW,[3,8192,1,1]/t0,[3,8192,1,1]/t0,1,-1,skipped:static
0,102,conv_input-1 (view),VIEW,[3,8192,1,1]/t0,[3,8192,1,1]/t0,1,-1,skipped:static
0,105,conv_input-1 (view),VIEW,[3,8192,1,1]/t0,[3,8192,1,1]/t0,1,-1,skipped:static
0,115,conv_output_raw-1,SSM_CONV,[8192,3,1,1]/t0,[8192,4,1,1]/t0,0,0.00594234,-
0,116,conv_output_silu-1,UNARY,[8192,3,1,1]/t0,[8192,4,1,1]/t0,0,0.00228556,-
0,117,q_conv-1,VIEW,[128,16,3,1]/t0,[128,16,4,1]/t0,0,0.00143316,-
0,118,node_118,RMS_NORM,[128,16,3,1]/t0,[128,16,4,1]/t0,0,0.0863538,-
0,119,q_conv_predelta-1,SCALE,[128,16,3,1]/t0,[128,16,4,1]/t0,0,0.00763267,-
0,120,k_conv-1,VIEW,[128,16,3,1]/t0,[128,16,4,1]/t0,0,0.00114385,-
0,121,node_121,RMS_NORM,[128,16,3,1]/t0,[128,16,4,1]/t0,0,0.0675051,-
0,122,k_conv_predelta-1,SCALE,[128,16,3,1]/t0,[128,16,4,1]/t0,0,0.00596666,-
0,123,v_conv_predelta-1,VIEW,[128,32,3,1]/t0,[128,32,4,1]/t0,0,0.00228556,-
0,124,node_124,MUL_MAT,[32,3,1,1]/t0,[32,4,1,1]/t0,0,0.0063992,-
0,125,alpha-1,RESHAPE,[32,3,1,1]/t0,[32,4,1,1]/t0,0,0.0063992,-
0,126,node_126,ADD,[32,3,1,1]/t0,[32,4,1,1]/t0,0,0.00639915,-
0,127,a_softplus-1,UNARY,[32,3,1,1]/t0,[32,4,1,1]/t0,0,0.00105649,-
0,128,gate-1,MUL,[32,3,1,1]/t0,[32,4,1,1]/t0,0,0.00865555,-
0,129,gate-1 (reshaped),RESHAPE,[1,32,3,1]/t0,[1,32,4,1]/t0,0,0.00865555,-
0,130,node_130,MUL_MAT,[32,3,1,1]/t0,[32,4,1,1]/t0,0,0.00333059,-
0,131,beta-1,RESHAPE,[1,32,3,1]/t0,[1,32,4,1]/t0,0,0.00333059,-
0,132,beta_sigmoid-1,UNARY,[1,32,3,1]/t0,[1,32,4,1]/t0,0,0.000585034,-
0,135, (view),VIEW,[524288,1,3,1]/t0,[524288,1,4,1]/t0,0,-1,-
0,136,cache_s_l1 (view),VIEW,[524288,1,3,1]/t0,[524288,1,4,1]/t0,1,-1,-
0,137,cache_s_l1 (view) (copy of  (view)),CPY,[524288,1,3,1]/t0,[524288,1,4,1]/t0,0,-1,-
0,138,z-1,MUL_MAT,[4096,3,1,1]/t0,[4096,4,1,1]/t0,0,0.0188143,-
0,139,z-1 (reshaped),RESHAPE,[128,32,3,1]/t0,[128,32,4,1]/t0,0,0.0188143,-
0,140,attn_output-1,VIEW,[128,32,3,1]/t0,[128,32,4,1]/t0,0,7.8151e-05,-
0,141,norm-1,RMS_NORM,[128,32,3,1]/t0,[128,32,4,1]/t0,0,0.0293448,-
0,142,node_142,MUL,[128,32,3,1]/t0,[128,32,4,1]/t0,0,0.0199013,-
0,143,node_143,GLU,[128,32,3,1]/t0,[128,32,4,1]/t0,0,0.00243726,-
0,144,final_output-1,RESHAPE,[4096,3,1,1]/t0,[4096,4,1,1]/t0,0,0.00243726,-
0,145,linear_attn_out-1,MUL_MAT,[2560,3,1,1]/t0,[2560,4,1,1]/t0,0,0.00293392,-
0,146,linear_attn_out-1 (reshaped),RESHAPE,[2560,3,1,1]/t0,[2560,4,1,1]/t0,0,0.00293392,-
0,147,attn_residual-1,ADD,[2560,3,1,1]/t0,[2560,4,1,1]/t0,0,0.00287724,-
0,148,norm-1,RMS_NORM,[2560,3,1,1]/t0,[2560,4,1,1]/t0,0,0.0122762,-
0,149,attn_post_norm-1,MUL,[2560,3,1,1]/t0,[2560,4,1,1]/t0,0,0.0117726,-
0,150,ffn_gate-1,MUL_MAT,[9216,3,1,1]/t0,[9216,4,1,1]/t0,0,0.0309212,-
0,151,ffn_up-1,MUL_MAT,[9216,3,1,1]/t0,[9216,4,1,1]/t0,0,0.0115655,-
0,152,ffn_swiglu-1,GLU,[9216,3,1,1]/t0,[9216,4,1,1]/t0,0,0.00524238,-
0,153,ffn_out-1,MUL_MAT,[2560,3,1,1]/t0,[2560,4,1,1]/t0,0,0.0044522,-
0,154,l_out-1,ADD,[2560,3,1,1]/t0,[2560,4,1,1]/t0,0,0.00211342,-
0,155,norm-2,RMS_NORM,[2560,3,1,1]/t0,[2560,4,1,1]/t0,0,0.035167,-
0,156,attn_norm-2,MUL,[2560,3,1,1]/t0,[2560,4,1,1]/t0,0,0.0337055,-
0,164,conv_states_reshaped-2,RESHAPE,[3,8192,1,1]/t0,[3,8192,1,1]/t0,1,-1,skipped:static
0,165,node_165,MUL_MAT,[8192,3,1,1]/t0,[8192,4,1,1]/t0,0,0.0731159,-
0,166,linear_attn_qkv_mixed-2,RESHAPE,[8192,3,1,1]/t0,[8192,4,1,1]/t0,0,0.0731159,-
0,167,qkv_mixed_transposed-2,TRANSPOSE,[3,8192,1,1]/t0,[4,8192,1,1]/t0,0,0.0731159,-
0,169,conv_input-2 (view),VIEW,[3,8192,1,1]/t0,[3,8192,1,1]/t0,1,-1,skipped:static
0,172,conv_input-2 (view),VIEW,[3,8192,1,1]/t0,[3,8192,1,1]/t0,1,-1,skipped:static
0,175,conv_input-2 (view),VIEW,[3,8192,1,1]/t0,[3,8192,1,1]/t0,1,-1,skipped:static
0,178,conv_input-2 (view),VIEW,[3,8192,1,1]/t0,[3,8192,1,1]/t0,1,-1,skipped:static
0,181,conv_input-2 (view),VIEW,[3,8192,1,1]/t0,[3,8192,1,1]/t0,1,-1,skipped:static
0,191,conv_output_raw-2,SSM_CONV,[8192,3,1,1]/t0,[8192,4,1,1]/t0,0,0.0195477,-
0,192,conv_output_silu-2,UNARY,[8192,3,1,1]/t0,[8192,4,1,1]/t0,0,0.0101774,-
0,193,q_conv-2,VIEW,[128,16,3,1]/t0,[128,16,4,1]/t0,0,0.0101774,-
0,194,node_194,RMS_NORM,[128,16,3,1]/t0,[128,16,4,1]/t0,0,0.176832,-
0,195,q_conv_predelta-2,SCALE,[128,16,3,1]/t0,[128,16,4,1]/t0,0,0.0156299,-
0,196,k_conv-2,VIEW,[128,16,3,1]/t0,[128,16,4,1]/t0,0,0.00651479,-
0,197,node_197,RMS_NORM,[128,16,3,1]/t0,[128,16,4,1]/t0,0,0.217733,-
0,198,k_conv_predelta-2,SCALE,[128,16,3,1]/t0,[128,16,4,1]/t0,0,0.019245,-
0,199,v_conv_predelta-2,VIEW,[128,32,3,1]/t0,[128,32,4,1]/t0,0,0.00549755,-
0,200,node_200,MUL_MAT,[32,3,1,1]/t0,[32,4,1,1]/t0,0,0.0396354,-
0,201,alpha-2,RESHAPE,[32,3,1,1]/t0,[32,4,1,1]/t0,0,0.0396354,-
0,202,node_202,ADD,[32,3,1,1]/t0,[32,4,1,1]/t0,0,0.0396354,-
0,203,a_softplus-2,UNARY,[32,3,1,1]/t0,[32,4,1,1]/t0,0,0.00441624,-
0,204,gate-2,MUL,[32,3,1,1]/t0,[32,4,1,1]/t0,0,0.0435128,-
0,205,gate-2 (reshaped),RESHAPE,[1,32,3,1]/t0,[1,32,4,1]/t0,0,0.0435128,-
0,206,node_206,MUL_MAT,[32,3,1,1]/t0,[32,4,1,1]/t0,0,0.0298762,-
0,207,beta-2,RESHAPE,[1,32,3,1]/t0,[1,32,4,1]/t0,0,0.0298762,-
0,208,beta_sigmoid-2,UNARY,[1,32,3,1]/t0,[1,32,4,1]/t0,0,0.00551596,-
0,211, (view),VIEW,[524288,1,3,1]/t0,[524288,1,4,1]/t0,0,-1,-
0,212,cache_s_l2 (view),VIEW,[524288,1,3,1]/t0,[524288,1,4,1]/t0,1,-1,-
0,213,cache_s_l2 (view) (copy of  (view)),CPY,[524288,1,3,1]/t0,[524288,1,4,1]/t0,0,-1,-
0,214,z-2,MUL_MAT,[4096,3,1,1]/t0,[4096,4,1,1]/t0,0,0.0553411,-
0,215,z-2 (reshaped),RESHAPE,[128,32,3,1]/t0,[128,32,4,1]/t0,0,0.0553411,-
0,216,attn_output-2,VIEW,[128,32,3,1]/t0,[128,32,4,1]/t0,0,0.000631906,-
0,217,norm-2,RMS_NORM,[128,32,3,1]/t0,[128,32,4,1]/t0,0,0.0732706,-
0,218,node_218,MUL,[128,32,3,1]/t0,[128,32,4,1]/t0,0,0.0360641,-
0,219,node_219,GLU,[128,32,3,1]/t0,[128,32,4,1]/t0,0,0.0152504,-
0,220,final_output-2,RESHAPE,[4096,3,1,1]/t0,[4096,4,1,1]/t0,0,0.0152504,-
0,221,linear_attn_out-2,MUL_MAT,[2560,3,1,1]/t0,[2560,4,1,1]/t0,0,0.0141739,-
0,222,linear_attn_out-2 (reshaped),RESHAPE,[2560,3,1,1]/t0,[2560,4,1,1]/t0,0,0.0141739,-
0,223,attn_residual-2,ADD,[2560,3,1,1]/t0,[2560,4,1,1]/t0,0,0.0132341,-
0,224,norm-2,RMS_NORM,[2560,3,1,1]/t0,[2560,4,1,1]/t0,0,0.0300474,-
0,225,attn_post_norm-2,MUL,[2560,3,1,1]/t0,[2560,4,1,1]/t0,0,0.0291671,-
0,226,ffn_gate-2,MUL_MAT,[9216,3,1,1]/t0,[9216,4,1,1]/t0,0,0.023137,-
0,227,ffn_up-2,MUL_MAT,[9216,3,1,1]/t0,[9216,4,1,1]/t0,0,0.0187718,-
0,228,ffn_swiglu-2,GLU,[9216,3,1,1]/t0,[9216,4,1,1]/t0,0,0.0135025,-
0,229,ffn_out-2,MUL_MAT,[2560,3,1,1]/t0,[2560,4,1,1]/t0,0,0.0118706,-
0,230,l_out-2,ADD,[2560,3,1,1]/t0,[2560,4,1,1]/t0,0,0.0111351,-
0,231,norm-3,RMS_NORM,[2560,3,1,1]/t0,[2560,4,1,1]/t0,0,0.177933,-
0,232,attn_norm-3,MUL,[2560,3,1,1]/t0,[2560,4,1,1]/t0,0,0.234928,-
0,233,Qcur_full-3,MUL_MAT,[8192,3,1,1]/t0,[8192,4,1,1]/t0,0,0.139304,-
0,234,Qcur_reshaped-3,VIEW,[256,16,3,1]/t0,[256,16,4,1]/t0,0,0.139304,-
0,235,norm-3,RMS_NORM,[256,16,3,1]/t0,[256,16,4,1]/t0,0,0.168721,-
0,236,Qcur_normed-3,MUL,[256,16,3,1]/t0,[256,16,4,1]/t0,0,0.172517,-
0,237,Qcur-3,ROPE,[256,16,3,1]/t0,[256,16,4,1]/t0,0,0.172517,-
0,238,Vcur-3,MUL_MAT,[1024,3,1,1]/t0,[1024,4,1,1]/t0,0,0.0749886,-
-1,-1,-,-,-,-,0,-1,error
